score,n_gram,Ranking
-4.335334782970175,call,1.0
-4.410236091143293,sexy,2.0
-4.410236091143293,hr,2.0
-4.4673945049832415,new,3.0
-4.4673945049832415,girl,3.0
-4.49120515367696,asian,4.0
-4.661550519424199,real,5.0
-5.018225463362931,hhr,6.0
-5.0388447505656675,sweet,7.0
-5.0388447505656675,fun,7.0
-5.0388447505656675,come,7.0
-5.0598981597635,girls,8.0
-5.0598981597635,time,8.0
-5.0598981597635,service,8.0
-5.125856127555297,body,9.0
-5.19647369476925,young,10.0
-5.221166307359622,incall,11.0
-5.221166307359622,im,11.0
-5.2724596017471725,best,12.0
-5.326526823017448,hot,13.0
-5.354697699984145,min,14.0
-5.354697699984145,massage,14.0
-5.383685236857397,please,15.0
-5.413538200007078,old,16.0
-5.413538200007078,hh,16.0
-5.444309858673831,available,17.0
-5.476058556988412,special,18.0
-5.476058556988412,experience,18.0
-5.508848379811402,open,19.0
-5.542749931487084,like,20.0
-5.542749931487084,make,20.0
-5.577841251298354,friendly,21.0
-5.6519492234520765,lbs,22.0
-5.691169936605357,love,23.0
-5.731991931125613,text,24.0
-5.731991931125613,sensual,24.0
-5.731991931125613,nuru,24.0
-5.731991931125613,let,24.0
-5.731991931125613,hi,24.0
-5.7745515455444085,great,25.0
-5.7745515455444085,location,25.0
-5.7745515455444085,dd,25.0
-5.819003308115242,sorry,26.0
-5.819003308115242,san,26.0
-5.819003308115242,pics,26.0
-5.819003308115242,beautiful,26.0
-5.865523323750136,always,27.0
-5.865523323750136,natural,27.0
-5.865523323750136,good,27.0
-5.865523323750136,donation,27.0
-5.865523323750136,pic,27.0
-5.865523323750136,looking,27.0
-5.914313487919568,pretty,28.0
-5.914313487919568,minded,28.0
-5.965606782307118,super,29.0
-5.965606782307118,play,29.0
-5.965606782307118,independent,29.0
-5.965606782307118,hey,29.0
-5.965606782307118,enjoy,29.0
-5.965606782307118,discreet,29.0
-5.965606782307118,aa,29.0
-6.019674003577394,rush,30.0
-6.019674003577394,mins,30.0
-6.019674003577394,years,30.0
-6.076832417417342,town,31.0
-6.076832417417342,ready,31.0
-6.076832417417342,want,31.0
-6.137457039233777,shower,32.0
-6.137457039233777,services,32.0
-6.137457039233777,guys,32.0
-6.137457039233777,give,32.0
-6.137457039233777,gentlemen,32.0
-6.137457039233777,clean,32.0
-6.201995560371348,see,33.0
-6.270988431858299,gentleman,34.0
-6.270988431858299,beauty,34.0
-6.270988431858299,black,34.0
-6.270988431858299,face,34.0
-6.270988431858299,lady,34.0
-6.270988431858299,long,34.0
-6.270988431858299,nice,34.0
-6.270988431858299,phone,34.0
-6.270988431858299,pm,34.0
-6.345096404012022,exotic,35.0
-6.345096404012022,amazing,35.0
-6.345096404012022,baby,35.0
-6.345096404012022,back,35.0
-6.345096404012022,blocked,35.0
-6.345096404012022,calls,35.0
-6.345096404012022,day,35.0
-6.345096404012022,every,35.0
-6.345096404012022,everything,35.0
-6.345096404012022,arrived,35.0
-6.345096404012022,feel,35.0
-6.345096404012022,get,35.0
-6.345096404012022,ok,35.0
-6.345096404012022,playful,35.0
-6.345096404012022,pleasure,35.0
-6.345096404012022,qk,35.0
-6.345096404012022,free,35.0
-6.345096404012022,yrs,35.0
-6.425139111685558,never,36.0
-6.425139111685558,chinese,36.0
-6.425139111685558,city,36.0
-6.425139111685558,life,36.0
-6.425139111685558,michelle,36.0
-6.425139111685558,name,36.0
-6.425139111685558,busty,36.0
-6.425139111685558,offer,36.0
-6.425139111685558,right,36.0
-6.425139111685558,safe,36.0
-6.425139111685558,treat,36.0
-6.425139111685558,try,36.0
-6.425139111685558,upscale,36.0
-6.5121504886751875,drama,37.0
-6.5121504886751875,guaranteed,37.0
-6.5121504886751875,hello,37.0
-6.5121504886751875,man,37.0
-6.5121504886751875,miss,37.0
-6.5121504886751875,personality,37.0
-6.5121504886751875,quality,37.0
-6.5121504886751875,skin,37.0
-6.5121504886751875,soft,37.0
-6.5121504886751875,stress,37.0
-6.5121504886751875,take,37.0
-6.5121504886751875,together,37.0
-6.5121504886751875,unforgettable,37.0
-6.607460668479512,one,38.0
-6.607460668479512,block,38.0
-6.607460668479512,happy,38.0
-6.607460668479512,japanese,38.0
-6.607460668479512,kissing,38.0
-6.607460668479512,know,38.0
-6.607460668479512,lovely,38.0
-6.607460668479512,men,38.0
-6.607460668479512,excellent,38.0
-6.607460668479512,perfect,38.0
-6.607460668479512,slim,38.0
-6.607460668479512,something,38.0
-6.607460668479512,times,38.0
-6.607460668479512,two,38.0
-6.607460668479512,us,38.0
-6.607460668479512,rushed,38.0
-6.607460668479512,waiting,38.0
-6.712821184137338,kiss,39.0
-6.712821184137338,big,39.0
-6.712821184137338,erotic,39.0
-6.712821184137338,eyes,39.0
-6.712821184137338,games,39.0
-6.712821184137338,hair,39.0
-6.712821184137338,jessica,39.0
-6.712821184137338,king,39.0
-6.712821184137338,meet,39.0
-6.712821184137338,unrushed,39.0
-6.712821184137338,outcall,39.0
-6.712821184137338,pictures,39.0
-6.712821184137338,pleasanton,39.0
-6.712821184137338,provide,39.0
-6.712821184137338,relax,39.0
-6.712821184137338,today,39.0
-6.712821184137338,midnight,39.0
-6.830604219793722,donations,40.0
-6.830604219793722,incalls,40.0
-6.830604219793722,fetish,40.0
-6.830604219793722,fantasy,40.0
-6.830604219793722,mateo,40.0
-6.830604219793722,avail,40.0
-6.830604219793722,ask,40.0
-6.830604219793722,area,40.0
-6.830604219793722,jose,40.0
-6.830604219793722,smooth,40.0
-6.830604219793722,mind,40.0
-6.830604219793722,oo,40.0
-6.830604219793722,petite,40.0
-6.830604219793722,skills,40.0
-6.830604219793722,star,40.0
-6.830604219793722,ultimate,40.0
-6.830604219793722,mixed,40.0
-6.964135612418245,dream,41.0
-6.964135612418245,korean,41.0
-6.964135612418245,ki,41.0
-6.964135612418245,keep,41.0
-6.964135612418245,going,41.0
-6.964135612418245,first,41.0
-6.964135612418245,bombshell,41.0
-6.964135612418245,different,41.0
-6.964135612418245,curves,41.0
-6.964135612418245,coco,41.0
-6.964135612418245,around,41.0
-6.964135612418245,absolutely,41.0
-6.964135612418245,legs,41.0
-6.964135612418245,lb,41.0
-6.964135612418245,smile,41.0
-6.964135612418245,loving,41.0
-6.964135612418245,satisfaction,41.0
-6.964135612418245,measurements,41.0
-6.964135612418245,yoyo,41.0
-6.964135612418245,specials,41.0
-6.964135612418245,serious,41.0
-6.964135612418245,vanessa,41.0
-6.964135612418245,respectful,41.0
-6.964135612418245,relaxing,41.0
-6.964135612418245,private,41.0
-6.964135612418245,night,41.0
-6.964135612418245,need,41.0
-7.118286292245504,intimate,42.0
-7.118286292245504,double,42.0
-7.118286292245504,high,42.0
-7.118286292245504,helen,42.0
-7.118286292245504,guarantee,42.0
-7.118286292245504,friend,42.0
-7.118286292245504,fremont,42.0
-7.118286292245504,forget,42.0
-7.118286292245504,flirtatious,42.0
-7.118286292245504,five,42.0
-7.118286292245504,fellas,42.0
-7.118286292245504,bella,42.0
-7.118286292245504,dont,42.0
-7.118286292245504,deep,42.0
-7.118286292245504,days,42.0
-7.118286292245504,blonde,42.0
-7.118286292245504,also,42.0
-7.118286292245504,away,42.0
-7.118286292245504,appt,42.0
-7.118286292245504,anything,42.0
-7.118286292245504,amy,42.0
-7.118286292245504,kind,42.0
-7.118286292245504,juicy,42.0
-7.118286292245504,unbelievable,42.0
-7.118286292245504,latina,42.0
-7.118286292245504,secret,42.0
-7.118286292245504,maggie,42.0
-7.118286292245504,yes,42.0
-7.118286292245504,woman,42.0
-7.118286292245504,warm,42.0
-7.118286292245504,ur,42.0
-7.118286292245504,truly,42.0
-7.118286292245504,thick,42.0
-7.118286292245504,taiwan,42.0
-7.118286292245504,suppose,42.0
-7.118286292245504,year,42.0
-7.118286292245504,santa,42.0
-7.118286292245504,option,42.0
-7.118286292245504,rose,42.0
-7.118286292245504,much,42.0
-7.118286292245504,near,42.0
-7.118286292245504,naughty,42.0
-7.118286292245504,party,42.0
-7.118286292245504,photos,42.0
-7.118286292245504,recent,42.0
-7.300607849039458,dublin,43.0
-7.300607849039458,duo,43.0
-7.300607849039458,easy,43.0
-7.300607849039458,ebony,43.0
-7.300607849039458,enforcement,43.0
-7.300607849039458,even,43.0
-7.300607849039458,extra,43.0
-7.300607849039458,find,43.0
-7.300607849039458,girlfriend,43.0
-7.300607849039458,french,43.0
-7.300607849039458,friends,43.0
-7.300607849039458,funny,43.0
-7.300607849039458,goddess,43.0
-7.300607849039458,hands,43.0
-7.300607849039458,hhoutcall,43.0
-7.300607849039458,hour,43.0
-7.300607849039458,deserve,43.0
-7.300607849039458,disappointed,43.0
-7.300607849039458,booty,43.0
-7.300607849039458,cute,43.0
-7.300607849039458,coming,43.0
-7.300607849039458,impress,43.0
-7.300607849039458,african,43.0
-7.300607849039458,age,43.0
-7.300607849039458,almost,43.0
-7.300607849039458,angela,43.0
-7.300607849039458,apple,43.0
-7.300607849039458,appointment,43.0
-7.300607849039458,bay,43.0
-7.300607849039458,callers,43.0
-7.300607849039458,candy,43.0
-7.300607849039458,cater,43.0
-7.300607849039458,cator,43.0
-7.300607849039458,charming,43.0
-7.300607849039458,clara,43.0
-7.300607849039458,classy,43.0
-7.300607849039458,ice,43.0
-7.300607849039458,satisfying,43.0
-7.300607849039458,jojo,43.0
-7.300607849039458,rest,43.0
-7.300607849039458,short,43.0
-7.300607849039458,show,43.0
-7.300607849039458,smart,43.0
-7.300607849039458,soon,43.0
-7.300607849039458,st,43.0
-7.300607849039458,starting,43.0
-7.300607849039458,style,43.0
-7.300607849039458,sweetheart,43.0
-7.300607849039458,top,43.0
-7.300607849039458,total,43.0
-7.300607849039458,txt,43.0
-7.300607849039458,vivi,43.0
-7.300607849039458,wild,43.0
-7.300607849039458,yi,43.0
-7.300607849039458,kate,43.0
-7.300607849039458,seductive,43.0
-7.300607849039458,talk,43.0
-7.300607849039458,relaxation,43.0
-7.300607849039458,needs,43.0
-7.300607849039458,knows,43.0
-7.300607849039458,law,43.0
-7.300607849039458,leave,43.0
-7.300607849039458,lips,43.0
-7.300607849039458,messages,43.0
-7.300607849039458,mobile,43.0
-7.300607849039458,native,43.0
-7.300607849039458,mature,43.0
-7.300607849039458,next,43.0
-7.300607849039458,ot,43.0
-7.300607849039458,outgoing,43.0
-7.300607849039458,passionate,43.0
-7.300607849039458,playmate,43.0
-7.300607849039458,professional,43.0
-7.300607849039458,rates,43.0
-7.523751400353667,fake,44.0
-7.523751400353667,figure,44.0
-7.523751400353667,feeling,44.0
-7.523751400353667,favorite,44.0
-7.523751400353667,everyday,44.0
-7.523751400353667,extremely,44.0
-7.523751400353667,explicit,44.0
-7.523751400353667,door,44.0
-7.523751400353667,earth,44.0
-7.523751400353667,gorgeous,44.0
-7.523751400353667,goal,44.0
-7.523751400353667,jay,44.0
-7.523751400353667,help,44.0
-7.523751400353667,hill,44.0
-7.523751400353667,hottie,44.0
-7.523751400353667,independently,44.0
-7.523751400353667,indulge,44.0
-7.523751400353667,ing,44.0
-7.523751400353667,jackie,44.0
-7.523751400353667,may,44.0
-7.523751400353667,lets,44.0
-7.523751400353667,look,44.0
-7.523751400353667,looks,44.0
-7.523751400353667,dirty,44.0
-7.523751400353667,disappoint,44.0
-7.523751400353667,bbw,44.0
-7.523751400353667,deal,44.0
-7.523751400353667,date,44.0
-7.523751400353667,aim,44.0
-7.523751400353667,american,44.0
-7.523751400353667,anna,44.0
-7.523751400353667,appointments,44.0
-7.523751400353667,arrival,44.0
-7.523751400353667,ave,44.0
-7.523751400353667,babe,44.0
-7.523751400353667,bad,44.0
-7.523751400353667,milpitas,44.0
-7.523751400353667,better,44.0
-7.523751400353667,blue,44.0
-7.523751400353667,boobs,44.0
-7.523751400353667,boys,44.0
-7.523751400353667,breast,44.0
-7.523751400353667,breasts,44.0
-7.523751400353667,caress,44.0
-7.523751400353667,china,44.0
-7.523751400353667,completely,44.0
-7.523751400353667,concord,44.0
-7.523751400353667,cover,44.0
-7.523751400353667,crown,44.0
-7.523751400353667,daily,44.0
-7.523751400353667,dani,44.0
-7.523751400353667,menu,44.0
-7.523751400353667,cindy,44.0
-7.523751400353667,mina,44.0
-7.523751400353667,staff,44.0
-7.523751400353667,stands,44.0
-7.523751400353667,sure,44.0
-7.523751400353667,tina,44.0
-7.523751400353667,touch,44.0
-7.523751400353667,trinity,44.0
-7.523751400353667,true,44.0
-7.523751400353667,union,44.0
-7.523751400353667,use,44.0
-7.523751400353667,vip,44.0
-7.523751400353667,wait,44.0
-7.523751400353667,week,44.0
-7.523751400353667,well,44.0
-7.523751400353667,white,44.0
-7.523751400353667,willing,44.0
-7.523751400353667,without,44.0
-7.523751400353667,wont,44.0
-7.523751400353667,work,44.0
-7.523751400353667,works,44.0
-7.523751400353667,world,44.0
-7.523751400353667,yr,44.0
-7.523751400353667,yummy,44.0
-7.523751400353667,zero,44.0
-7.523751400353667,minute,44.0
-7.523751400353667,standing,44.0
-7.523751400353667,wanna,44.0
-7.523751400353667,spoil,44.0
-7.523751400353667,pls,44.0
-7.523751400353667,slender,44.0
-7.523751400353667,non,44.0
-7.523751400353667,numbers,44.0
-7.523751400353667,offered,44.0
-7.523751400353667,openminded,44.0
-7.523751400353667,package,44.0
-7.523751400353667,perky,44.0
-7.523751400353667,photo,44.0
-7.523751400353667,places,44.0
-7.523751400353667,pleasant,44.0
-7.523751400353667,pesonality,44.0
-7.523751400353667,promise,44.0
-7.523751400353667,say,44.0
-7.523751400353667,must,44.0
-7.523751400353667,silky,44.0
-7.523751400353667,shirley,44.0
-7.523751400353667,scene,44.0
-7.523751400353667,size,44.0
-7.523751400353667,satisfied,44.0
-7.523751400353667,rock,44.0
-7.523751400353667,release,44.0
-7.523751400353667,ramon,44.0
-7.811433472805448,francisco,45.0
-7.811433472805448,half,45.0
-7.811433472805448,grateness,45.0
-7.811433472805448,grand,45.0
-7.811433472805448,gold,45.0
-7.811433472805448,giving,45.0
-7.811433472805448,gigi,45.0
-7.811433472805448,full,45.0
-7.811433472805448,fulfill,45.0
-7.811433472805448,ful,45.0
-7.811433472805448,ft,45.0
-7.811433472805448,ds,45.0
-7.811433472805448,foster,45.0
-7.811433472805448,fit,45.0
-7.811433472805448,fire,45.0
-7.811433472805448,fill,45.0
-7.811433472805448,fetishes,45.0
-7.811433472805448,feet,45.0
-7.811433472805448,fantacy,45.0
-7.811433472805448,exciting,45.0
-7.811433472805448,exceptional,45.0
-7.811433472805448,eva,45.0
-7.811433472805448,escape,45.0
-7.811433472805448,hips,45.0
-7.811433472805448,height,45.0
-7.811433472805448,little,45.0
-7.811433472805448,honey,45.0
-7.811433472805448,juliana,45.0
-7.811433472805448,longing,45.0
-7.811433472805448,dreams,45.0
-7.811433472805448,lisa,45.0
-7.811433472805448,linlin,45.0
-7.811433472805448,late,45.0
-7.811433472805448,korea,45.0
-7.811433472805448,knockout,45.0
-7.811433472805448,kisses,45.0
-7.811433472805448,kissable,45.0
-7.811433472805448,katya,45.0
-7.811433472805448,kathie,45.0
-7.811433472805448,jessie,45.0
-7.811433472805448,hott,45.0
-7.811433472805448,jeniffer,45.0
-7.811433472805448,jazmine,45.0
-7.811433472805448,italian,45.0
-7.811433472805448,interactive,45.0
-7.811433472805448,inquiries,45.0
-7.811433472805448,impossible,45.0
-7.811433472805448,id,45.0
-7.811433472805448,hygiene,45.0
-7.811433472805448,hrs,45.0
-7.811433472805448,hours,45.0
-7.811433472805448,hotties,45.0
-7.811433472805448,dressed,45.0
-7.811433472805448,choice,45.0
-7.811433472805448,downtown,45.0
-7.811433472805448,chance,45.0
-7.811433472805448,california,45.0
-7.811433472805448,bubbly,45.0
-7.811433472805448,brunette,45.0
-7.811433472805448,bring,45.0
-7.811433472805448,book,45.0
-7.811433472805448,boobies,45.0
-7.811433472805448,blocking,45.0
-7.811433472805448,believe,45.0
-7.811433472805448,bed,45.0
-7.811433472805448,bb,45.0
-7.811433472805448,barbie,45.0
-7.811433472805448,asia,45.0
-7.811433472805448,asap,45.0
-7.811433472805448,asain,45.0
-7.811433472805448,arrivals,45.0
-7.811433472805448,anber,45.0
-7.811433472805448,along,45.0
-7.811433472805448,ads,45.0
-7.811433472805448,adore,45.0
-7.811433472805448,addictive,45.0
-7.811433472805448,addicting,45.0
-7.811433472805448,ad,45.0
-7.811433472805448,lots,45.0
-7.811433472805448,calling,45.0
-7.811433472805448,check,45.0
-7.811433472805448,doll,45.0
-7.811433472805448,chic,45.0
-7.811433472805448,disappointments,45.0
-7.811433472805448,dinner,45.0
-7.811433472805448,devoted,45.0
-7.811433472805448,delicious,45.0
-7.811433472805448,degree,45.0
-7.811433472805448,dangerous,45.0
-7.811433472805448,dancer,45.0
-7.811433472805448,curve,45.0
-7.811433472805448,cup,45.0
-7.811433472805448,cuddle,45.0
-7.811433472805448,creek,45.0
-7.811433472805448,crazy,45.0
-7.811433472805448,crave,45.0
-7.811433472805448,cooperation,45.0
-7.811433472805448,contented,45.0
-7.811433472805448,complete,45.0
-7.811433472805448,comfortable,45.0
-7.811433472805448,comfort,45.0
-7.811433472805448,com,45.0
-7.811433472805448,colorful,45.0
-7.811433472805448,college,45.0
-7.811433472805448,cici,45.0
-7.811433472805448,chloe,45.0
-7.811433472805448,lot,45.0
-7.811433472805448,pounds,45.0
-7.811433472805448,loves,45.0
-7.811433472805448,striking,45.0
-7.811433472805448,til,45.0
-7.811433472805448,three,45.0
-7.811433472805448,think,45.0
-7.811433472805448,things,45.0
-7.811433472805448,texts,45.0
-7.811433472805448,tender,45.0
-7.811433472805448,tel,45.0
-7.811433472805448,tall,45.0
-7.811433472805448,sweetness,45.0
-7.811433472805448,sweetie,45.0
-7.811433472805448,surprise,45.0
-7.811433472805448,still,45.0
-7.811433472805448,send,45.0
-7.811433472805448,stay,45.0
-7.811433472805448,spent,45.0
-7.811433472805448,spending,45.0
-7.811433472805448,soul,45.0
-7.811433472805448,skill,45.0
-7.811433472805448,single,45.0
-7.811433472805448,simple,45.0
-7.811433472805448,shanghai,45.0
-7.811433472805448,session,45.0
-7.811433472805448,serve,45.0
-7.811433472805448,ser,45.0
-7.811433472805448,tiny,45.0
-7.811433472805448,tired,45.0
-7.811433472805448,tits,45.0
-7.811433472805448,totally,45.0
-7.811433472805448,lucy,45.0
-7.811433472805448,ʝєωєℓ,45.0
-7.811433472805448,yuki,45.0
-7.811433472805448,yomi,45.0
-7.811433472805448,yaya,45.0
-7.811433472805448,worth,45.0
-7.811433472805448,wonderful,45.0
-7.811433472805448,winnie,45.0
-7.811433472805448,wendy,45.0
-7.811433472805448,ways,45.0
-7.811433472805448,way,45.0
-7.811433472805448,wat,45.0
-7.811433472805448,wants,45.0
-7.811433472805448,walnut,45.0
-7.811433472805448,waists,45.0
-7.811433472805448,waist,45.0
-7.811433472805448,vivian,45.0
-7.811433472805448,visiting,45.0
-7.811433472805448,victoria,45.0
-7.811433472805448,unique,45.0
-7.811433472805448,un,45.0
-7.811433472805448,trustworthy,45.0
-7.811433472805448,treatment,45.0
-7.811433472805448,senses,45.0
-7.811433472805448,waste,45.0
-7.811433472805448,selena,45.0
-7.811433472805448,nora,45.0
-7.811433472805448,newark,45.0
-7.811433472805448,nancy,45.0
-7.811433472805448,nana,45.0
-7.811433472805448,mutually,45.0
-7.811433472805448,mouth,45.0
-7.811433472805448,morgan,45.0
-7.811433472805448,montana,45.0
-7.811433472805448,monica,45.0
-7.811433472805448,moments,45.0
-7.811433472805448,model,45.0
-7.811433472805448,mix,45.0
-7.811433472805448,missing,45.0
-7.811433472805448,miso,45.0
-7.811433472805448,minutes,45.0
-7.811433472805448,mimi,45.0
-7.811433472805448,miki,45.0
-7.811433472805448,measurement,45.0
-7.811433472805448,malaysia,45.0
-7.811433472805448,makes,45.0
-7.811433472805448,magic,45.0
-7.811433472805448,luscious,45.0
-7.811433472805448,satisfy,45.0
-7.811433472805448,luminous,45.0
-7.811433472805448,nite,45.0
-7.811433472805448,menus,45.0
-7.811433472805448,number,45.0
-7.811433472805448,pleasures,45.0
-7.811433472805448,room,45.0
-7.811433472805448,offering,45.0
-7.811433472805448,roses,45.0
-7.811433472805448,regret,45.0
-7.811433472805448,reality,45.0
-7.811433472805448,quick,45.0
-7.811433472805448,put,45.0
-7.811433472805448,provider,45.0
-7.811433472805448,pressure,45.0
-7.811433472805448,poster,45.0
-7.811433472805448,qkspecialoutcall,45.0
-7.811433472805448,passion,45.0
-7.811433472805448,people,45.0
-7.811433472805448,outcalls,45.0
-7.811433472805448,place,45.0
-7.811433472805448,paris,45.0
-7.811433472805448,peiki,45.0
-7.811433472805448,operator,45.0
-7.811433472805448,person,45.0
-7.811433472805448,pick,45.0
-7.811433472805448,olivia,45.0
-7.811433472805448,picture,45.0
-8.216898580913613,roes,46.0
-8.216898580913613,rohnert,46.0
-8.216898580913613,run,46.0
-8.216898580913613,rooms,46.0
-8.216898580913613,rotation,46.0
-8.216898580913613,routine,46.0
-8.216898580913613,rub,46.0
-8.216898580913613,rude,46.0
-8.216898580913613,seduce,46.0
-8.216898580913613,sasa,46.0
-8.216898580913613,running,46.0
-8.216898580913613,saratoga,46.0
-8.216898580913613,sassy,46.0
-8.216898580913613,satisfing,46.0
-8.216898580913613,se,46.0
-8.216898580913613,rewarding,46.0
-8.216898580913613,search,46.0
-8.216898580913613,searching,46.0
-8.216898580913613,rite,46.0
-8.216898580913613,regular,46.0
-8.216898580913613,rewarded,46.0
-8.216898580913613,reasonable,46.0
-8.216898580913613,rate,46.0
-8.216898580913613,rafael,46.0
-8.216898580913613,seem,46.0
-8.216898580913613,rated,46.0
-8.216898580913613,rather,46.0
-8.216898580913613,read,46.0
-8.216898580913613,realest,46.0
-8.216898580913613,really,46.0
-8.216898580913613,redd,46.0
-8.216898580913613,restricted,46.0
-8.216898580913613,regulars,46.0
-8.216898580913613,reinvigorate,46.0
-8.216898580913613,relaxed,46.0
-8.216898580913613,relief,46.0
-8.216898580913613,relieve,46.0
-8.216898580913613,relive,46.0
-8.216898580913613,rendezvous,46.0
-8.216898580913613,repeat,46.0
-8.216898580913613,seeing,46.0
-8.216898580913613,skinny,46.0
-8.216898580913613,seen,46.0
-8.216898580913613,smoky,46.0
-8.216898580913613,slip,46.0
-8.216898580913613,slippery,46.0
-8.216898580913613,slow,46.0
-8.216898580913613,slowly,46.0
-8.216898580913613,small,46.0
-8.216898580913613,smell,46.0
-8.216898580913613,smiling,46.0
-8.216898580913613,smokkn,46.0
-8.216898580913613,smoothy,46.0
-8.216898580913613,sized,46.0
-8.216898580913613,sneak,46.0
-8.216898580913613,sofa,46.0
-8.216898580913613,sooo,46.0
-8.216898580913613,sophisticated,46.0
-8.216898580913613,sora,46.0
-8.216898580913613,spa,46.0
-8.216898580913613,quite,46.0
-8.216898580913613,spanish,46.0
-8.216898580913613,skilled,46.0
-8.216898580913613,sitter,46.0
-8.216898580913613,selective,46.0
-8.216898580913613,shaking,46.0
-8.216898580913613,sensitive,46.0
-8.216898580913613,set,46.0
-8.216898580913613,sexi,46.0
-8.216898580913613,sexii,46.0
-8.216898580913613,sexiness,46.0
-8.216898580913613,sexxxiest,46.0
-8.216898580913613,sexxy,46.0
-8.216898580913613,sf,46.0
-8.216898580913613,shape,46.0
-8.216898580913613,sit,46.0
-8.216898580913613,share,46.0
-8.216898580913613,shells,46.0
-8.216898580913613,shit,46.0
-8.216898580913613,shy,46.0
-8.216898580913613,simply,46.0
-8.216898580913613,sincere,46.0
-8.216898580913613,sinfully,46.0
-8.216898580913613,sisters,46.0
-8.216898580913613,qυαℓιτγ,46.0
-8.216898580913613,occasion,46.0
-8.216898580913613,queen,46.0
-8.216898580913613,nru,46.0
-8.216898580913613,newest,46.0
-8.216898580913613,ng,46.0
-8.216898580913613,ninethree,46.0
-8.216898580913613,none,46.0
-8.216898580913613,notch,46.0
-8.216898580913613,nothing,46.0
-8.216898580913613,nough,46.0
-8.216898580913613,nowwww,46.0
-8.216898580913613,ntlemen,46.0
-8.216898580913613,nd,46.0
-8.216898580913613,nude,46.0
-8.216898580913613,speak,46.0
-8.216898580913613,oil,46.0
-8.216898580913613,om,46.0
-8.216898580913613,opening,46.0
-8.216898580913613,opportunity,46.0
-8.216898580913613,oriental,46.0
-8.216898580913613,oucall,46.0
-8.216898580913613,needed,46.0
-8.216898580913613,ncall,46.0
-8.216898580913613,qqs,46.0
-8.216898580913613,mon,46.0
-8.216898580913613,matter,46.0
-8.216898580913613,maybe,46.0
-8.216898580913613,meant,46.0
-8.216898580913613,measures,46.0
-8.216898580913613,meeting,46.0
-8.216898580913613,mexican,46.0
-8.216898580913613,minimum,46.0
-8.216898580913613,miya,46.0
-8.216898580913613,montague,46.0
-8.216898580913613,naturally,46.0
-8.216898580913613,mood,46.0
-8.216898580913613,muscle,46.0
-8.216898580913613,muse,46.0
-8.216898580913613,mutual,46.0
-8.216898580913613,myia,46.0
-8.216898580913613,napa,46.0
-8.216898580913613,nasty,46.0
-8.216898580913613,naturallllll,46.0
-8.216898580913613,overnight,46.0
-8.216898580913613,packages,46.0
-8.216898580913613,pain,46.0
-8.216898580913613,prepared,46.0
-8.216898580913613,pnds,46.0
-8.216898580913613,po,46.0
-8.216898580913613,polite,46.0
-8.216898580913613,pop,46.0
-8.216898580913613,porcelain,46.0
-8.216898580913613,power,46.0
-8.216898580913613,powers,46.0
-8.216898580913613,prefer,46.0
-8.216898580913613,prettiest,46.0
-8.216898580913613,pamper,46.0
-8.216898580913613,prices,46.0
-8.216898580913613,pride,46.0
-8.216898580913613,princess,46.0
-8.216898580913613,privacy,46.0
-8.216898580913613,prove,46.0
-8.216898580913613,public,46.0
-8.216898580913613,purebliss,46.0
-8.216898580913613,pursuit,46.0
-8.216898580913613,plz,46.0
-8.216898580913613,plus,46.0
-8.216898580913613,pleasing,46.0
-8.216898580913613,plastic,46.0
-8.216898580913613,pampered,46.0
-8.216898580913613,park,46.0
-8.216898580913613,parking,46.0
-8.216898580913613,parties,46.0
-8.216898580913613,patient,46.0
-8.216898580913613,pay,46.0
-8.216898580913613,peachy,46.0
-8.216898580913613,peacials,46.0
-8.216898580913613,pecialoo,46.0
-8.216898580913613,pecials,46.0
-8.216898580913613,peninsula,46.0
-8.216898580913613,percent,46.0
-8.216898580913613,petaluma,46.0
-8.216898580913613,physique,46.0
-8.216898580913613,piece,46.0
-8.216898580913613,pixs,46.0
-8.216898580913613,plane,46.0
-8.216898580913613,spankable,46.0
-8.216898580913613,themes,46.0
-8.216898580913613,specialty,46.0
-8.216898580913613,worry,46.0
-8.216898580913613,weight,46.0
-8.216898580913613,west,46.0
-8.216898580913613,whole,46.0
-8.216898580913613,whos,46.0
-8.216898580913613,wicked,46.0
-8.216898580913613,wise,46.0
-8.216898580913613,wish,46.0
-8.216898580913613,worlds,46.0
-8.216898580913613,worship,46.0
-8.216898580913613,weeks,46.0
-8.216898580913613,would,46.0
-8.216898580913613,wow,46.0
-8.216898580913613,wrapped,46.0
-8.216898580913613,xok,46.0
-8.216898580913613,xoxo,46.0
-8.216898580913613,xplicit,46.0
-8.216898580913613,yers,46.0
-8.216898580913613,yo,46.0
-8.216898580913613,weigh,46.0
-8.216898580913613,wechat,46.0
-8.216898580913613,spend,46.0
-8.216898580913613,visits,46.0
-8.216898580913613,vacaville,46.0
-8.216898580913613,vallejo,46.0
-8.216898580913613,valley,46.0
-8.216898580913613,verification,46.0
-8.216898580913613,veronika,46.0
-8.216898580913613,video,46.0
-8.216898580913613,viet,46.0
-8.216898580913613,view,46.0
-8.216898580913613,visual,46.0
-8.216898580913613,watcher,46.0
-8.216898580913613,vixen,46.0
-8.216898580913613,vsiting,46.0
-8.216898580913613,vulgar,46.0
-8.216898580913613,wa,46.0
-8.216898580913613,waisting,46.0
-8.216898580913613,walk,46.0
-8.216898580913613,wanting,46.0
-8.216898580913613,washington,46.0
-8.216898580913613,yola,46.0
-8.216898580913613,yoou,46.0
-8.216898580913613,youngest,46.0
-8.216898580913613,아름다움,46.0
-8.216898580913613,ℂꮎℳℰ,46.0
-8.216898580913613,ℒℚℚꮶ,46.0
-8.216898580913613,ℕꮎꮗ,46.0
-8.216898580913613,ℙℒꭿꮍ,46.0
-8.216898580913613,ℳℰ,46.0
-8.216898580913613,两个小辣妹,46.0
-8.216898580913613,東莞服務,46.0
-8.216898580913613,ꮗℐꮖℋ,46.0
-8.216898580913613,학생,46.0
-8.216898580913613,youthful,46.0
-8.216898580913613,한국,46.0
-8.216898580913613,ａａ,46.0
-8.216898580913613,ｃａｌｌ,46.0
-8.216898580913613,ｎｏ,46.0
-8.216898580913613,ｎｏｗ,46.0
-8.216898580913613,ｐｌｅａｓｅ,46.0
-8.216898580913613,ｔemptation,46.0
-8.216898580913613,massgae,46.0
-8.216898580913613,ᗩᐯᗩilᗩble,46.0
-8.216898580913613,ᖴᑌᑎ,46.0
-8.216898580913613,ᑎoᗯ,46.0
-8.216898580913613,ᑌᑭᔕᑕᗩᒪe,46.0
-8.216898580913613,yparadise,46.0
-8.216898580913613,yumi,46.0
-8.216898580913613,yᑌᗰᗰy,46.0
-8.216898580913613,ze,46.0
-8.216898580913613,zone,46.0
-8.216898580913613,åutiful,46.0
-8.216898580913613,αδυrε,46.0
-8.216898580913613,κιηd,46.0
-8.216898580913613,οf,46.0
-8.216898580913613,οη,46.0
-8.216898580913613,ρυrε,46.0
-8.216898580913613,ρℓ,46.0
-8.216898580913613,ρℓαγmαtε,46.0
-8.216898580913613,ρℓαγℳαte,46.0
-8.216898580913613,τθρ,46.0
-8.216898580913613,нoles,46.0
-8.216898580913613,шѧrn,46.0
-8.216898580913613,uѕ,46.0
-8.216898580913613,using,46.0
-8.216898580913613,upset,46.0
-8.216898580913613,sweethearts,46.0
-8.216898580913613,sugar,46.0
-8.216898580913613,suites,46.0
-8.216898580913613,suki,46.0
-8.216898580913613,sultry,46.0
-8.216898580913613,sunlight,46.0
-8.216898580913613,sunny,46.0
-8.216898580913613,surprises,46.0
-8.216898580913613,sweaty,46.0
-8.216898580913613,sweetlips,46.0
-8.216898580913613,tensed,46.0
-8.216898580913613,tacy,46.0
-8.216898580913613,tak,46.0
-8.216898580913613,taking,46.0
-8.216898580913613,talking,46.0
-8.216898580913613,taste,46.0
-8.216898580913613,tatami,46.0
-8.216898580913613,taylor,46.0
-8.216898580913613,tease,46.0
-8.216898580913613,submissive,46.0
-8.216898580913613,subductive,46.0
-8.216898580913613,stunningly,46.0
-8.216898580913613,stunning,46.0
-8.216898580913613,spicy,46.0
-8.216898580913613,spirit,46.0
-8.216898580913613,spiritual,46.0
-8.216898580913613,spoiled,46.0
-8.216898580913613,spontaneous,46.0
-8.216898580913613,spun,46.0
-8.216898580913613,stand,46.0
-8.216898580913613,started,46.0
-8.216898580913613,statistics,46.0
-8.216898580913613,stephanie,46.0
-8.216898580913613,stimulat,46.0
-8.216898580913613,stocking,46.0
-8.216898580913613,stockings,46.0
-8.216898580913613,stop,46.0
-8.216898580913613,street,46.0
-8.216898580913613,student,46.0
-8.216898580913613,students,46.0
-8.216898580913613,tempting,46.0
-8.216898580913613,term,46.0
-8.216898580913613,upscal,46.0
-8.216898580913613,ture,46.0
-8.216898580913613,treating,46.0
-8.216898580913613,tri,46.0
-8.216898580913613,tricked,46.0
-8.216898580913613,tricks,46.0
-8.216898580913613,trip,46.0
-8.216898580913613,truely,46.0
-8.216898580913613,trust,46.0
-8.216898580913613,tues,46.0
-8.216898580913613,turn,46.0
-8.216898580913613,test,46.0
-8.216898580913613,turning,46.0
-8.216898580913613,tw,46.0
-8.216898580913613,twice,46.0
-8.216898580913613,types,46.0
-8.216898580913613,understanding,46.0
-8.216898580913613,unforgettably,46.0
-8.216898580913613,uninhibited,46.0
-8.216898580913613,unrush,46.0
-8.216898580913613,treated,46.0
-8.216898580913613,touching,46.0
-8.216898580913613,tongue,46.0
-8.216898580913613,tolerated,46.0
-8.216898580913613,texting,46.0
-8.216898580913613,th,46.0
-8.216898580913613,tha,46.0
-8.216898580913613,thai,46.0
-8.216898580913613,thank,46.0
-8.216898580913613,thanks,46.0
-8.216898580913613,themed,46.0
-8.216898580913613,therapist,46.0
-8.216898580913613,thx,46.0
-8.216898580913613,tiffany,46.0
-8.216898580913613,tight,46.0
-8.216898580913613,tighte,46.0
-8.216898580913613,till,46.0
-8.216898580913613,tim,46.0
-8.216898580913613,timed,46.0
-8.216898580913613,toes,46.0
-8.216898580913613,togther,46.0
-8.216898580913613,master,46.0
-8.216898580913613,masseuses,46.0
-8.216898580913613,britney,46.0
-8.216898580913613,combination,46.0
-8.216898580913613,catch,46.0
-8.216898580913613,catering,46.0
-8.216898580913613,caution,46.0
-8.216898580913613,certified,46.0
-8.216898580913613,change,46.0
-8.216898580913613,character,46.0
-8.216898580913613,charisma,46.0
-8.216898580913613,charismatic,46.0
-8.216898580913613,cherry,46.0
-8.216898580913613,chick,46.0
-8.216898580913613,chinesee,46.0
-8.216898580913613,chooes,46.0
-8.216898580913613,choose,46.0
-8.216898580913613,class,46.0
-8.216898580913613,clock,46.0
-8.216898580913613,close,46.0
-8.216898580913613,cmt,46.0
-8.216898580913613,castro,46.0
-8.216898580913613,cash,46.0
-8.216898580913613,carol,46.0
-8.216898580913613,calk,46.0
-8.216898580913613,bs,46.0
-8.216898580913613,bubble,46.0
-8.216898580913613,bull,46.0
-8.216898580913613,business,46.0
-8.216898580913613,busted,46.0
-8.216898580913613,butterfly,46.0
-8.216898580913613,ca,46.0
-8.216898580913613,called,46.0
-8.216898580913613,carmen,46.0
-8.216898580913613,callmebaby,46.0
-8.216898580913613,callortext,46.0
-8.216898580913613,came,46.0
-8.216898580913613,cant,46.0
-8.216898580913613,car,46.0
-8.216898580913613,cards,46.0
-8.216898580913613,caressing,46.0
-8.216898580913613,coed,46.0
-8.216898580913613,comes,46.0
-8.216898580913613,brit,46.0
-8.216898580913613,company,46.0
-8.216898580913613,cutie,46.0
-8.216898580913613,daly,46.0
-8.216898580913613,dance,46.0
-8.216898580913613,dark,46.0
-8.216898580913613,daytime,46.0
-8.216898580913613,definitely,46.0
-8.216898580913613,delight,46.0
-8.216898580913613,demand,46.0
-8.216898580913613,demi,46.0
-8.216898580913613,deny,46.0
-8.216898580913613,descret,46.0
-8.216898580913613,desire,46.0
-8.216898580913613,desired,46.0
-8.216898580913613,details,46.0
-8.216898580913613,dfk,46.0
-8.216898580913613,disappointing,46.0
-8.216898580913613,disaster,46.0
-8.216898580913613,cutey,46.0
-8.216898580913613,curvy,46.0
-8.216898580913613,currently,46.0
-8.216898580913613,control,46.0
-8.216898580913613,compared,46.0
-8.216898580913613,compassionate,46.0
-8.216898580913613,complexion,46.0
-8.216898580913613,confident,46.0
-8.216898580913613,considerate,46.0
-8.216898580913613,constraints,46.0
-8.216898580913613,contacting,46.0
-8.216898580913613,conversation,46.0
-8.216898580913613,curling,46.0
-8.216898580913613,conversations,46.0
-8.216898580913613,convo,46.0
-8.216898580913613,could,46.0
-8.216898580913613,craving,46.0
-8.216898580913613,crystal,46.0
-8.216898580913613,cuddling,46.0
-8.216898580913613,curious,46.0
-8.216898580913613,brought,46.0
-8.216898580913613,brings,46.0
-8.216898580913613,discuss,46.0
-8.216898580913613,av,46.0
-8.216898580913613,annie,46.0
-8.216898580913613,answered,46.0
-8.216898580913613,anticipating,46.0
-8.216898580913613,anymore,46.0
-8.216898580913613,anytime,46.0
-8.216898580913613,ar,46.0
-8.216898580913613,arms,46.0
-8.216898580913613,ashley,46.0
-8.216898580913613,aspects,46.0
-8.216898580913613,assets,46.0
-8.216898580913613,assss,46.0
-8.216898580913613,attached,46.0
-8.216898580913613,attention,46.0
-8.216898580913613,attentive,46.0
-8.216898580913613,attitude,46.0
-8.216898580913613,attraction,46.0
-8.216898580913613,authentic,46.0
-8.216898580913613,angles,46.0
-8.216898580913613,already,46.0
-8.216898580913613,alone,46.0
-8.216898580913613,affiliated,46.0
-8.216898580913613,masseues,46.0
-8.216898580913613,abby,46.0
-8.216898580913613,accommodating,46.0
-8.216898580913613,actual,46.0
-8.216898580913613,add,46.0
-8.216898580913613,adventures,46.0
-8.216898580913613,affection,46.0
-8.216898580913613,agency,46.0
-8.216898580913613,allow,46.0
-8.216898580913613,agree,46.0
-8.216898580913613,aimee,46.0
-8.216898580913613,airport,46.0
-8.216898580913613,aisan,46.0
-8.216898580913613,al,46.0
-8.216898580913613,alannah,46.0
-8.216898580913613,alexis,46.0
-8.216898580913613,auzerais,46.0
-8.216898580913613,avalable,46.0
-8.216898580913613,brighten,46.0
-8.216898580913613,average,46.0
-8.216898580913613,birthday,46.0
-8.216898580913613,blend,46.0
-8.216898580913613,blooowwww,46.0
-8.216898580913613,bls,46.0
-8.216898580913613,boa,46.0
-8.216898580913613,bobo,46.0
-8.216898580913613,bodies,46.0
-8.216898580913613,bodywork,46.0
-8.216898580913613,bodyy,46.0
-8.216898580913613,bottom,46.0
-8.216898580913613,bp,46.0
-8.216898580913613,brand,46.0
-8.216898580913613,brazilan,46.0
-8.216898580913613,break,46.0
-8.216898580913613,breath,46.0
-8.216898580913613,breathtaking,46.0
-8.216898580913613,bright,46.0
-8.216898580913613,betta,46.0
-8.216898580913613,berkeley,46.0
-8.216898580913613,bencia,46.0
-8.216898580913613,badd,46.0
-8.216898580913613,awaiting,46.0
-8.216898580913613,awaits,46.0
-8.216898580913613,awake,46.0
-8.216898580913613,awesomely,46.0
-8.216898580913613,azz,46.0
-8.216898580913613,babes,46.0
-8.216898580913613,bachelor,46.0
-8.216898580913613,bang,46.0
-8.216898580913613,belong,46.0
-8.216898580913613,banging,46.0
-8.216898580913613,bare,46.0
-8.216898580913613,bascom,46.0
-8.216898580913613,beautyful,46.0
-8.216898580913613,begging,46.0
-8.216898580913613,beginning,46.0
-8.216898580913613,beholding,46.0
-8.216898580913613,discrete,46.0
-8.216898580913613,companionship,46.0
-8.216898580913613,disrespect,46.0
-8.216898580913613,hug,46.0
-8.216898580913613,hygeine,46.0
-8.216898580913613,imagination,46.0
-8.216898580913613,important,46.0
-8.216898580913613,inch,46.0
-8.216898580913613,includes,46.0
-8.216898580913613,including,46.0
-8.216898580913613,information,46.0
-8.216898580913613,international,46.0
-8.216898580913613,intown,46.0
-8.216898580913613,irresistable,46.0
-8.216898580913613,islander,46.0
-8.216898580913613,japan,46.0
-8.216898580913613,jewel,46.0
-8.216898580913613,jp,46.0
-8.216898580913613,justice,46.0
-8.216898580913613,katie,46.0
-8.216898580913613,draw,46.0
-8.216898580913613,husbands,46.0
-8.216898580913613,hrx,46.0
-8.216898580913613,handle,46.0
-8.216898580913613,howdy,46.0
-8.216898580913613,handsome,46.0
-8.216898580913613,hav,46.0
-8.216898580913613,hay,46.0
-8.216898580913613,hayward,46.0
-8.216898580913613,hazel,46.0
-8.216898580913613,heal,46.0
-8.216898580913613,healing,46.0
-8.216898580913613,heaven,46.0
-8.216898580913613,heck,46.0
-8.216898580913613,hell,46.0
-8.216898580913613,home,46.0
-8.216898580913613,honest,46.0
-8.216898580913613,hooked,46.0
-8.216898580913613,hope,46.0
-8.216898580913613,horny,46.0
-8.216898580913613,hosting,46.0
-8.216898580913613,hovering,46.0
-8.216898580913613,kelly,46.0
-8.216898580913613,kept,46.0
-8.216898580913613,killer,46.0
-8.216898580913613,kim,46.0
-8.216898580913613,loren,46.0
-8.216898580913613,loveyou,46.0
-8.216898580913613,lucky,46.0
-8.216898580913613,lulu,46.0
-8.216898580913613,lust,46.0
-8.216898580913613,luv,46.0
-8.216898580913613,luxurious,46.0
-8.216898580913613,made,46.0
-8.216898580913613,magical,46.0
-8.216898580913613,maimai,46.0
-8.216898580913613,main,46.0
-8.216898580913613,making,46.0
-8.216898580913613,malaysian,46.0
-8.216898580913613,mandy,46.0
-8.216898580913613,manner,46.0
-8.216898580913613,mans,46.0
-8.216898580913613,many,46.0
-8.216898580913613,lookn,46.0
-8.216898580913613,located,46.0
-8.216898580913613,livermore,46.0
-8.216898580913613,lasts,46.0
-8.216898580913613,knee,46.0
-8.216898580913613,ky,46.0
-8.216898580913613,kyla,46.0
-8.216898580913613,lace,46.0
-8.216898580913613,ladies,46.0
-8.216898580913613,languag,46.0
-8.216898580913613,last,46.0
-8.216898580913613,latinathick,46.0
-8.216898580913613,lise,46.0
-8.216898580913613,lead,46.0
-8.216898580913613,leandro,46.0
-8.216898580913613,legit,46.0
-8.216898580913613,lightning,46.0
-8.216898580913613,lili,46.0
-8.216898580913613,line,46.0
-8.216898580913613,lingerie,46.0
-8.216898580913613,handles,46.0
-8.216898580913613,kay,46.0
-8.216898580913613,enough,46.0
-8.216898580913613,evening,46.0
-8.216898580913613,enjoyable,46.0
-8.216898580913613,ensure,46.0
-8.216898580913613,entertain,46.0
-8.216898580913613,environment,46.0
-8.216898580913613,er,46.0
-8.216898580913613,escort,46.0
-8.216898580913613,espanol,46.0
-8.216898580913613,ever,46.0
-8.216898580913613,ends,46.0
-8.216898580913613,everthing,46.0
-8.216898580913613,excited,46.0
-8.216898580913613,exits,46.0
-8.216898580913613,experienced,46.0
-8.216898580913613,extoic,46.0
-8.216898580913613,extraordinary,46.0
-8.216898580913613,exxotic,46.0
-8.216898580913613,english,46.0
-8.216898580913613,encounter,46.0
-8.216898580913613,exy,46.0
-8.216898580913613,ecstasy,46.0
-8.216898580913613,dreamed,46.0
-8.216898580913613,hablo,46.0
-8.216898580913613,drive,46.0
-8.216898580913613,driving,46.0
-8.216898580913613,drown,46.0
-8.216898580913613,ease,46.0
-8.216898580913613,east,46.0
-8.216898580913613,effort,46.0
-8.216898580913613,empirical,46.0
-8.216898580913613,elegance,46.0
-8.216898580913613,elena,46.0
-8.216898580913613,eleven,46.0
-8.216898580913613,ella,46.0
-8.216898580913613,elsa,46.0
-8.216898580913613,ema,46.0
-8.216898580913613,email,46.0
-8.216898580913613,exxxotic,46.0
-8.216898580913613,exclusively,46.0
-8.216898580913613,eye,46.0
-8.216898580913613,gf,46.0
-8.216898580913613,freaky,46.0
-8.216898580913613,fulfilling,46.0
-8.216898580913613,fuss,46.0
-8.216898580913613,garuntee,46.0
-8.216898580913613,generous,46.0
-8.216898580913613,ez,46.0
-8.216898580913613,gents,46.0
-8.216898580913613,genuine,46.0
-8.216898580913613,gfriend,46.0
-8.216898580913613,frame,46.0
-8.216898580913613,gir,46.0
-8.216898580913613,go,46.0
-8.216898580913613,goes,46.0
-8.216898580913613,gone,46.0
-8.216898580913613,gonna,46.0
-8.216898580913613,grace,46.0
-8.216898580913613,guarnteed,46.0
-8.216898580913613,guru,46.0
-8.216898580913613,fre,46.0
-8.216898580913613,gentle,46.0
-8.216898580913613,four,46.0
-8.216898580913613,filler,46.0
-8.216898580913613,fairfield,46.0
-8.216898580913613,fall,46.0
-8.216898580913613,fantasies,46.0
-8.216898580913613,far,46.0
-8.216898580913613,fascinating,46.0
-8.216898580913613,female,46.0
-8.216898580913613,faces,46.0
-8.216898580913613,finish,46.0
-8.216898580913613,flirting,46.0
-8.216898580913613,flirty,46.0
-8.216898580913613,fool,46.0
-8.216898580913613,forever,46.0
-8.216898580913613,found,46.0
-8.216898580913613,flawless,46.0
-8.910045761473558,glow,47.0
-8.910045761473558,gtlt,47.0
-8.910045761473558,gt,47.0
-8.910045761473558,greet,47.0
-8.910045761473558,greec,47.0
-8.910045761473558,graduate,47.0
-8.910045761473558,got,47.0
-8.910045761473558,googlewe,47.0
-8.910045761473558,google,47.0
-8.910045761473558,gifts,47.0
-8.910045761473558,girlz,47.0
-8.910045761473558,ginger,47.0
-8.910045761473558,gia,47.0
-8.910045761473558,gfe,47.0
-8.910045761473558,genuinely,47.0
-8.910045761473558,gentlmen,47.0
-8.910045761473558,gently,47.0
-8.910045761473558,gεntℓεmεn,47.0
-8.910045761473558,gεn,47.0
-8.910045761473558,extreamly,47.0
-8.910045761473558,gεnεrous,47.0
-8.910045761473558,gσιиg,47.0
-8.910045761473558,hold,47.0
-8.910045761473558,gentelmen,47.0
-8.910045761473558,hispanic,47.0
-8.910045761473558,hillsborough,47.0
-8.910045761473558,highly,47.0
-8.910045761473558,hidden,47.0
-8.910045761473558,heels,47.0
-8.910045761473558,hee,47.0
-8.910045761473558,hearing,47.0
-8.910045761473558,hear,47.0
-8.910045761473558,head,47.0
-8.910045761473558,hawaiian,47.0
-8.910045761473558,hawaii,47.0
-8.910045761473558,hassle,47.0
-8.910045761473558,hard,47.0
-8.910045761473558,hangout,47.0
-8.910045761473558,habla,47.0
-8.910045761473558,gentlemannations,47.0
-8.910045761473558,extreeemly,47.0
-8.910045761473558,gaⴅხℓع,47.0
-8.910045761473558,game,47.0
-8.910045761473558,finer,47.0
-8.910045761473558,filled,47.0
-8.910045761473558,filipina,47.0
-8.910045761473558,feisty,47.0
-8.910045761473558,feels,47.0
-8.910045761473558,feds,47.0
-8.910045761473558,fav,47.0
-8.910045761473558,fast,47.0
-8.910045761473558,fare,47.0
-8.910045761473558,fantastic,47.0
-8.910045761473558,fantasize,47.0
-8.910045761473558,fakes,47.0
-8.910045761473558,facε,47.0
-8.910045761473558,facetime,47.0
-8.910045761473558,eyed,47.0
-8.910045761473558,exøtic,47.0
-8.910045761473558,hollywood,47.0
-8.910045761473558,finest,47.0
-8.910045761473558,fingertips,47.0
-8.910045761473558,flakes,47.0
-8.910045761473558,forward,47.0
-8.910045761473558,gal,47.0
-8.910045761473558,friday,47.0
-8.910045761473558,freshly,47.0
-8.910045761473558,fresh,47.0
-8.910045761473558,freindly,47.0
-8.910045761473558,freak,47.0
-8.910045761473558,francine,47.0
-8.910045761473558,former,47.0
-8.910045761473558,flashing,47.0
-8.910045761473558,form,47.0
-8.910045761473558,foreignpriincess,47.0
-8.910045761473558,foot,47.0
-8.910045761473558,fooled,47.0
-8.910045761473558,focus,47.0
-8.910045761473558,fluffy,47.0
-8.910045761473558,flavor,47.0
-8.910045761473558,holly,47.0
-8.910045761473558,absoulutely,47.0
-8.910045761473558,hongkong,47.0
-8.910045761473558,less,47.0
-8.910045761473558,leaving,47.0
-8.910045761473558,learner,47.0
-8.910045761473558,leaf,47.0
-8.910045761473558,ld,47.0
-8.910045761473558,laugh,47.0
-8.910045761473558,larger,47.0
-8.910045761473558,language,47.0
-8.910045761473558,lana,47.0
-8.910045761473558,lame,47.0
-8.910045761473558,ladyred,47.0
-8.910045761473558,ks,47.0
-8.910045761473558,kitty,47.0
-8.910045761473558,kinky,47.0
-8.910045761473558,kinf,47.0
-8.910045761473558,kimmy,47.0
-8.910045761473558,kimm,47.0
-8.910045761473558,kellie,47.0
-8.910045761473558,left,47.0
-8.910045761473558,level,47.0
-8.910045761473558,kaashmier,47.0
-8.910045761473558,lifestyle,47.0
-8.910045761473558,exquisite,47.0
-8.910045761473558,lunch,47.0
-8.910045761473558,low,47.0
-8.910045761473558,lovε,47.0
-8.910045761473558,lover,47.0
-8.910045761473558,lost,47.0
-8.910045761473558,lora,47.0
-8.910045761473558,lola,47.0
-8.910045761473558,lol,47.0
-8.910045761473558,lite,47.0
-8.910045761473558,listings,47.0
-8.910045761473558,listed,47.0
-8.910045761473558,links,47.0
-8.910045761473558,limitless,47.0
-8.910045761473558,limited,47.0
-8.910045761473558,lil,47.0
-8.910045761473558,lights,47.0
-8.910045761473558,kayla,47.0
-8.910045761473558,jαw,47.0
-8.910045761473558,hopefully,47.0
-8.910045761473558,inappropriate,47.0
-8.910045761473558,importantly,47.0
-8.910045761473558,imperative,47.0
-8.910045761473558,immediately,47.0
-8.910045761473558,ima,47.0
-8.910045761473558,ill,47.0
-8.910045761473558,ignored,47.0
-8.910045761473558,iam,47.0
-8.910045761473558,hعη,47.0
-8.910045761473558,hygienic,47.0
-8.910045761473558,hy,47.0
-8.910045761473558,hurry,47.0
-8.910045761473558,hundred,47.0
-8.910045761473558,humor,47.0
-8.910045761473558,huge,47.0
-8.910045761473558,https,47.0
-8.910045761473558,hourly,47.0
-8.910045761473558,hotel,47.0
-8.910045761473558,impression,47.0
-8.910045761473558,indeed,47.0
-8.910045761473558,joys,47.0
-8.910045761473558,independant,47.0
-8.910045761473558,joclynpink,47.0
-8.910045761473558,joclyn,47.0
-8.910045761473558,jaw,47.0
-8.910045761473558,jasmine,47.0
-8.910045761473558,james,47.0
-8.910045761473558,iη,47.0
-8.910045761473558,ive,47.0
-8.910045761473558,islands,47.0
-8.910045761473558,island,47.0
-8.910045761473558,inviting,47.0
-8.910045761473558,intuitive,47.0
-8.910045761473558,intelligent,47.0
-8.910045761473558,insult,47.0
-8.910045761473558,instagram,47.0
-8.910045761473558,inquires,47.0
-8.910045761473558,innow,47.0
-8.910045761473558,individuals,47.0
-8.910045761473558,extic,47.0
-8.910045761473558,address,47.0
-8.910045761473558,expierencing,47.0
-8.910045761473558,bunny,47.0
-8.910045761473558,built,47.0
-8.910045761473558,brownskin,47.0
-8.910045761473558,brown,47.0
-8.910045761473558,broadway,47.0
-8.910045761473558,boring,47.0
-8.910045761473558,bobs,47.0
-8.910045761473558,blondes,47.0
-8.910045761473558,blacks,47.0
-8.910045761473558,bl,47.0
-8.910045761473558,bit,47.0
-8.910045761473558,biracial,47.0
-8.910045761473558,bedroom,47.0
-8.910045761473558,becoming,47.0
-8.910045761473558,beatiful,47.0
-8.910045761473558,banks,47.0
-8.910045761473558,ballers,47.0
-8.910045761473558,bait,47.0
-8.910045761473558,buisness,47.0
-8.910045761473558,burlingame,47.0
-8.910045761473558,clients,47.0
-8.910045761473558,butt,47.0
-8.910045761473558,cked,47.0
-8.910045761473558,ck,47.0
-8.910045761473558,chyna,47.0
-8.910045761473558,choi,47.0
-8.910045761473558,chocolate,47.0
-8.910045761473558,cho,47.0
-8.910045761473558,cheap,47.0
-8.910045761473558,chea,47.0
-8.910045761473558,chanel,47.0
-8.910045761473558,cc,47.0
-8.910045761473558,career,47.0
-8.910045761473558,caramel,47.0
-8.910045761473558,callll,47.0
-8.910045761473558,caller,47.0
-8.910045761473558,bℓσωιηg,47.0
-8.910045761473558,buy,47.0
-8.910045761473558,butter,47.0
-8.910045761473558,awhile,47.0
-8.910045761473558,await,47.0
-8.910045761473558,avenue,47.0
-8.910045761473558,attractive,47.0
-8.910045761473558,alisamarie,47.0
-8.910045761473558,alexia,47.0
-8.910045761473558,alant,47.0
-8.910045761473558,alabama,47.0
-8.910045761473558,air,47.0
-8.910045761473558,aiming,47.0
-8.910045761473558,ago,47.0
-8.910045761473558,affordable,47.0
-8.910045761473558,adventurous,47.0
-8.910045761473558,advantage,47.0
-8.910045761473558,adults,47.0
-8.910045761473558,adult,47.0
-8.910045761473558,adores,47.0
-8.910045761473558,admire,47.0
-8.910045761473558,mami,47.0
-8.910045761473558,additional,47.0
-8.910045761473558,accept,47.0
-8.910045761473558,alyssa,47.0
-8.910045761473558,amanda,47.0
-8.910045761473558,amazon,47.0
-8.910045761473558,ariana,47.0
-8.910045761473558,attitudes,47.0
-8.910045761473558,atf,47.0
-8.910045761473558,assure,47.0
-8.910045761473558,arrive,47.0
-8.910045761473558,arrangment,47.0
-8.910045761473558,arrangements,47.0
-8.910045761473558,arrange,47.0
-8.910045761473558,areas,47.0
-8.910045761473558,amber,47.0
-8.910045761473558,arange,47.0
-8.910045761473558,appreciate,47.0
-8.910045761473558,appnt,47.0
-8.910045761473558,appearance,47.0
-8.910045761473558,anza,47.0
-8.910045761473558,angel,47.0
-8.910045761473558,amongst,47.0
-8.910045761473558,click,47.0
-8.910045761473558,co,47.0
-8.910045761473558,expedite,47.0
-8.910045761473558,else,47.0
-8.910045761473558,elise,47.0
-8.910045761473558,elegant,47.0
-8.910045761473558,ektaddo,47.0
-8.910045761473558,educated,47.0
-8.910045761473558,early,47.0
-8.910045761473558,eager,47.0
-8.910045761473558,drunk,47.0
-8.910045761473558,dropping,47.0
-8.910045761473558,dripping,47.0
-8.910045761473558,doubts,47.0
-8.910045761473558,dom,47.0
-8.910045761473558,dollars,47.0
-8.910045761473558,divorce,47.0
-8.910045761473558,distraction,47.0
-8.910045761473558,distinguished,47.0
-8.910045761473558,discrεεt,47.0
-8.910045761473558,discretion,47.0
-8.910045761473558,elite,47.0
-8.910045761473558,encounters,47.0
-8.910045761473558,collombia,47.0
-8.910045761473558,end,47.0
-8.910045761473558,expect,47.0
-8.910045761473558,exclusive,47.0
-8.910045761473558,exceptions,47.0
-8.910045761473558,exactly,47.0
-8.910045761473558,everytime,47.0
-8.910045761473558,everyone,47.0
-8.910045761473558,europen,47.0
-8.910045761473558,european,47.0
-8.910045761473558,established,47.0
-8.910045761473558,establish,47.0
-8.910045761473558,español,47.0
-8.910045761473558,espaniol,47.0
-8.910045761473558,erika,47.0
-8.910045761473558,entire,47.0
-8.910045761473558,entertainer,47.0
-8.910045761473558,energizer,47.0
-8.910045761473558,energetic,47.0
-8.910045761473558,discover,47.0
-8.910045761473558,disabled,47.0
-8.910045761473558,dipped,47.0
-8.910045761473558,dindates,47.0
-8.910045761473558,cozy,47.0
-8.910045761473558,covered,47.0
-8.910045761473558,courtney,47.0
-8.910045761473558,couples,47.0
-8.910045761473558,cougar,47.0
-8.910045761473558,cookie,47.0
-8.910045761473558,conversationalist,47.0
-8.910045761473558,contact,47.0
-8.910045761473558,confirm,47.0
-8.910045761473558,concern,47.0
-8.910045761473558,conceited,47.0
-8.910045761473558,compliments,47.0
-8.910045761473558,companionfrancine,47.0
-8.910045761473558,companion,47.0
-8.910045761473558,commodity,47.0
-8.910045761473558,command,47.0
-8.910045761473558,colombia,47.0
-8.910045761473558,cravings,47.0
-8.910045761473558,ction,47.0
-8.910045761473558,cupertino,47.0
-8.910045761473558,daughter,47.0
-8.910045761473558,diamond,47.0
-8.910045761473558,describe,47.0
-8.910045761473558,descent,47.0
-8.910045761473558,definition,47.0
-8.910045761473558,debfinitely,47.0
-8.910045761473558,deals,47.0
-8.910045761473558,ddd,47.0
-8.910045761473558,dating,47.0
-8.910045761473558,curvaceous,47.0
-8.910045761473558,dates,47.0
-8.910045761473558,dames,47.0
-8.910045761473558,daisy,47.0
-8.910045761473558,dahlia,47.0
-8.910045761473558,daddy,47.0
-8.910045761473558,dad,47.0
-8.910045761473558,cε,47.0
-8.910045761473558,lusting,47.0
-8.910045761473558,shop,47.0
-8.910045761473558,management,47.0
-8.910045761473558,terminated,47.0
-8.910045761473558,techniques,47.0
-8.910045761473558,teasing,47.0
-8.910045761473558,teachers,47.0
-8.910045761473558,teach,47.0
-8.910045761473558,taxt,47.0
-8.910045761473558,tatianna,47.0
-8.910045761473558,tasty,47.0
-8.910045761473558,talents,47.0
-8.910045761473558,taiwanese,47.0
-8.910045761473558,table,47.0
-8.910045761473558,tabitha,47.0
-8.910045761473558,tabbie,47.0
-8.910045761473558,sυяع,47.0
-8.910045761473558,swεεt,47.0
-8.910045761473558,switch,47.0
-8.910045761473558,sweets,47.0
-8.910045761473558,sweeter,47.0
-8.910045761473558,temptation,47.0
-8.910045761473558,textes,47.0
-8.910045761473558,ud,47.0
-8.910045761473558,thrill,47.0
-8.910045761473558,type,47.0
-8.910045761473558,tubs,47.0
-8.910045761473558,tt,47.0
-8.910045761473558,ts,47.0
-8.910045761473558,trips,47.0
-8.910045761473558,transportation,47.0
-8.910045761473558,transexual,47.0
-8.910045761473558,trades,47.0
-8.910045761473558,tr,47.0
-8.910045761473558,tow,47.0
-8.910045761473558,touched,47.0
-8.910045761473558,tonite,47.0
-8.910045761473558,tomorrow,47.0
-8.910045761473558,told,47.0
-8.910045761473558,toe,47.0
-8.910045761473558,titty,47.0
-8.910045761473558,thugs,47.0
-8.910045761473558,surrounding,47.0
-8.910045761473558,superior,47.0
-8.910045761473558,suite,47.0
-8.910045761473558,suggested,47.0
-8.910045761473558,sourounding,47.0
-8.910045761473558,sounds,47.0
-8.910045761473558,soooo,47.0
-8.910045761473558,sonia,47.0
-8.910045761473558,someone,47.0
-8.910045761473558,soccer,47.0
-8.910045761473558,snowbunny,47.0
-8.910045761473558,sn,47.0
-8.910045761473558,smoke,47.0
-8.910045761473558,slurpy,47.0
-8.910045761473558,skiℓℓs,47.0
-8.910045761473558,six,47.0
-8.910045761473558,site,47.0
-8.910045761473558,singapore,47.0
-8.910045761473558,sin,47.0
-8.910045761473558,sign,47.0
-8.910045761473558,side,47.0
-8.910045761473558,sp,47.0
-8.910045761473558,sparkling,47.0
-8.910045761473558,speical,47.0
-8.910045761473558,stallion,47.0
-8.910045761473558,sucked,47.0
-8.910045761473558,stressful,47.0
-8.910045761473558,straight,47.0
-8.910045761473558,stopen,47.0
-8.910045761473558,stimulating,47.0
-8.910045761473558,sticky,47.0
-8.910045761473558,stats,47.0
-8.910045761473558,staffs,47.0
-8.910045761473558,spice,47.0
-8.910045761473558,ss,47.0
-8.910045761473558,squeaky,47.0
-8.910045761473558,spoken,47.0
-8.910045761473558,spoiℓ,47.0
-8.910045761473558,spoild,47.0
-8.910045761473558,spinner,47.0
-8.910045761473558,spicey,47.0
-8.910045761473558,typical,47.0
-8.910045761473558,uncovered,47.0
-8.910045761473558,si,47.0
-8.910045761473558,υяαтє,47.0
-8.910045761473558,ιѕ,47.0
-8.910045761473558,ιи,47.0
-8.910045761473558,ιвℓє,47.0
-8.910045761473558,δk,47.0
-8.910045761473558,αℓℓ,47.0
-8.910045761473558,αи,47.0
-8.910045761473558,ƒяєαкy,47.0
-8.910045761473558,çíãls,47.0
-8.910045761473558,yμ,47.0
-8.910045761473558,yur,47.0
-8.910045761473558,youve,47.0
-8.910045761473558,youuuu,47.0
-8.910045761473558,youtu,47.0
-8.910045761473558,yet,47.0
-8.910045761473558,yahoo,47.0
-8.910045761473558,ya,47.0
-8.910045761473558,xquality,47.0
-8.910045761473558,ρнσтσ,47.0
-8.910045761473558,иєνєя,47.0
-8.910045761473558,unicorn,47.0
-8.910045761473558,тhє,47.0
-8.910045761473558,ℳaηy,47.0
-8.910045761473558,ℓℓs,47.0
-8.910045761473558,ℓєαи,47.0
-8.910045761473558,ℓιηє,47.0
-8.910045761473558,ℓεt,47.0
-8.910045761473558,ℓεmεη,47.0
-8.910045761473558,ạvạłłạbłẹ,47.0
-8.910045761473558,ߒserious,47.0
-8.910045761473558,ߒqk,47.0
-8.910045761473558,عs,47.0
-8.910045761473558,ѕєχу,47.0
-8.910045761473558,ѕкιℓℓѕ,47.0
-8.910045761473558,яєтє,47.0
-8.910045761473558,яє,47.0
-8.910045761473558,яυѕн,47.0
-8.910045761473558,уσυ,47.0
-8.910045761473558,тσ,47.0
-8.910045761473558,xoxoxo,47.0
-8.910045761473558,wt,47.0
-8.910045761473558,wrong,47.0
-8.910045761473558,working,47.0
-8.910045761473558,villalobos,47.0
-8.910045761473558,vibes,47.0
-8.910045761473558,verified,47.0
-8.910045761473558,vehicle,47.0
-8.910045761473558,valentina,47.0
-8.910045761473558,usually,47.0
-8.910045761473558,used,47.0
-8.910045761473558,urping,47.0
-8.910045761473558,urp,47.0
-8.910045761473558,urgent,47.0
-8.910045761473558,uready,47.0
-8.910045761473558,upscalε,47.0
-8.910045761473558,upon,47.0
-8.910045761473558,updated,47.0
-8.910045761473558,unstressed,47.0
-8.910045761473558,unlock,47.0
-8.910045761473558,unless,47.0
-8.910045761473558,visit,47.0
-8.910045761473558,visting,47.0
-8.910045761473558,voice,47.0
-8.910045761473558,willow,47.0
-8.910045761473558,words,47.0
-8.910045761473558,wiη,47.0
-8.910045761473558,within,47.0
-8.910045761473558,wit,47.0
-8.910045761473558,wishing,47.0
-8.910045761473558,wink,47.0
-8.910045761473558,wine,47.0
-8.910045761473558,welcome,47.0
-8.910045761473558,voluptous,47.0
-8.910045761473558,weighting,47.0
-8.910045761473558,websites,47.0
-8.910045761473558,wasting,47.0
-8.910045761473558,washed,47.0
-8.910045761473558,warning,47.0
-8.910045761473558,wanted,47.0
-8.910045761473558,vouched,47.0
-8.910045761473558,sick,47.0
-8.910045761473558,shows,47.0
-8.910045761473558,map,47.0
-8.910045761473558,older,47.0
-8.910045761473558,ojly,47.0
-8.910045761473558,oc,47.0
-8.910045761473558,oakland,47.0
-8.910045761473558,notice,47.0
-8.910045761473558,nonrushed,47.0
-8.910045761473558,nina,47.0
-8.910045761473558,nightshift,47.0
-8.910045761473558,nicole,47.0
-8.910045761473558,newww,47.0
-8.910045761473558,newbp,47.0
-8.910045761473558,nervous,47.0
-8.910045761473558,neighbor,47.0
-8.910045761473558,nayla,47.0
-8.910045761473558,natalie,47.0
-8.910045761473558,nat,47.0
-8.910045761473558,naomi,47.0
-8.910045761473558,mε,47.0
-8.910045761473558,okay,47.0
-8.910045761473558,onehautegeisha,47.0
-8.910045761473558,presence,47.0
-8.910045761473558,oregon,47.0
-8.910045761473558,poℓitε,47.0
-8.910045761473558,positive,47.0
-8.910045761473558,portuguese,47.0
-8.910045761473558,popular,47.0
-8.910045761473558,point,47.0
-8.910045761473558,pinole,47.0
-8.910045761473558,pict,47.0
-8.910045761473558,pich,47.0
-8.910045761473558,pet,47.0
-8.910045761473558,persian,47.0
-8.910045761473558,penut,47.0
-8.910045761473558,pampering,47.0
-8.910045761473558,pair,47.0
-8.910045761473558,overnights,47.0
-8.910045761473558,outs,47.0
-8.910045761473558,outdoors,47.0
-8.910045761473558,ors,47.0
-8.910045761473558,mü,47.0
-8.910045761473558,míη,47.0
-8.910045761473558,mvery,47.0
-8.910045761473558,munras,47.0
-8.910045761473558,mines,47.0
-8.910045761473558,millbrae,47.0
-8.910045761473558,milf,47.0
-8.910045761473558,message,47.0
-8.910045761473558,meow,47.0
-8.910045761473558,mention,47.0
-8.910045761473558,memorable,47.0
-8.910045761473558,meeeeeee,47.0
-8.910045761473558,mediocre,47.0
-8.910045761473558,match,47.0
-8.910045761473558,massages,47.0
-8.910045761473558,married,47.0
-8.910045761473558,marie,47.0
-8.910045761473558,marianne,47.0
-8.910045761473558,mariana,47.0
-8.910045761473558,mariah,47.0
-8.910045761473558,maple,47.0
-8.910045761473558,minx,47.0
-8.910045761473558,missed,47.0
-8.910045761473558,mocha,47.0
-8.910045761473558,mornig,47.0
-8.910045761473558,multples,47.0
-8.910045761473558,multiple,47.0
-8.910045761473558,msg,47.0
-8.910045761473558,ms,47.0
-8.910045761473558,moved,47.0
-8.910045761473558,mountain,47.0
-8.910045761473558,morning,47.0
-8.910045761473558,monthly,47.0
-8.910045761473558,models,47.0
-8.910045761473558,month,47.0
-8.910045761473558,monterey,47.0
-8.910045761473558,monroe,47.0
-8.910045761473558,monicaxo,47.0
-8.910045761473558,monday,47.0
-8.910045761473558,moment,47.0
-8.910045761473558,mom,47.0
-8.910045761473558,pre,47.0
-8.910045761473558,price,47.0
-8.910045761473558,shown,47.0
-8.910045761473558,satisfa,47.0
-8.910045761473558,sarah,47.0
-8.910045761473558,sanchez,47.0
-8.910045761473558,samantha,47.0
-8.910045761473558,salinas,47.0
-8.910045761473558,salaciousness,47.0
-8.910045761473558,sage,47.0
-8.910045761473558,safε,47.0
-8.910045761473558,safety,47.0
-8.910045761473558,sacramento,47.0
-8.910045761473558,rεspεctfuℓ,47.0
-8.910045761473558,russian,47.0
-8.910045761473558,rushing,47.0
-8.910045761473558,rubs,47.0
-8.910045761473558,roxxxanneaudrey,47.0
-8.910045761473558,roxi,47.0
-8.910045761473558,round,47.0
-8.910045761473558,rough,47.0
-8.910045761473558,sasha,47.0
-8.910045761473558,sauce,47.0
-8.910045761473558,priority,47.0
-8.910045761473558,scale,47.0
-8.910045761473558,showered,47.0
-8.910045761473558,shopping,47.0
-8.910045761473558,shine,47.0
-8.910045761473558,shaved,47.0
-8.910045761473558,sexpert,47.0
-8.910045761473558,sexier,47.0
-8.910045761473558,settle,47.0
-8.910045761473558,sets,47.0
-8.910045761473558,sessions,47.0
-8.910045761473558,servic,47.0
-8.910045761473558,sent,47.0
-8.910045761473558,sense,47.0
-8.910045761473558,seeking,47.0
-8.910045761473558,seek,47.0
-8.910045761473558,seductress,47.0
-8.910045761473558,screening,47.0
-8.910045761473558,schedule,47.0
-8.910045761473558,roleplay,47.0
-8.910045761473558,rican,47.0
-8.910045761473558,revved,47.0
-8.910045761473558,reviews,47.0
-8.910045761473558,qv,47.0
-8.910045761473558,quirky,47.0
-8.910045761473558,quantity,47.0
-8.910045761473558,qq,47.0
-8.910045761473558,pεtitε,47.0
-8.910045761473558,pεrsonaℓity,47.0
-8.910045761473558,putting,47.0
-8.910045761473558,purpose,47.0
-8.910045761473558,purely,47.0
-8.910045761473558,pure,47.0
-8.910045761473558,puerto,47.0
-8.910045761473558,ps,47.0
-8.910045761473558,provocative,47.0
-8.910045761473558,providing,47.0
-8.910045761473558,profile,47.0
-8.910045761473558,process,47.0
-8.910045761473558,probs,47.0
-8.910045761473558,ral,47.0
-8.910045761473558,rare,47.0
-8.910045761473558,raving,47.0
-8.910045761473558,reputable,47.0
-8.910045761473558,reviewed,47.0
-8.910045761473558,review,47.0
-8.910045761473558,response,47.0
-8.910045761473558,respectable,47.0
-8.910045761473558,resist,47.0
-8.910045761473558,requires,47.0
-8.910045761473558,request,47.0
-8.910045761473558,reproduced,47.0
-8.910045761473558,realy,47.0
-8.910045761473558,reliable,47.0
-8.910045761473558,relationship,47.0
-8.910045761473558,regardless,47.0
-8.910045761473558,references,47.0
-8.910045761473558,red,47.0
-8.910045761473558,recommended,47.0
-8.910045761473558,recently,47.0
-8.910045761473558,able,47.0
